total_reward,mean_reward,loss,mae,mean_q,episode_steps,step
148.40740103623486,0.15572654883130627,0.252708, 4.252594, 6.688866,953,953
