total_reward,mean_reward,loss,mae,mean_q,episode_steps,step
69.91144416762536,0.07335933280968034,6.635743, 15.248228, 22.512922,953,953
