total_reward,mean_reward,loss,mae,mean_q,episode_steps,step
326.26455548575944,0.3423552523460225,0.391515, 0.881735, 0.629158,953,953
444.76653836603293,0.46866863895261635,0.077237, 0.524732, 1.074823,949,1902
552.8290452191402,0.5856239885795976,0.022020, 0.751127, 1.315823,944,2846
509.8709046274199,0.5181614884424999,0.015315, 0.886002, 1.464935,984,3830
618.6218302258925,0.6775704602693237,0.014071, 0.969338, 1.583343,913,4743
606.2107614720651,0.6668985274720188,0.011830, 1.007583, 1.635044,909,5652
547.9781413161802,0.5860728784130269,0.010347, 1.012469, 1.640023,935,6587
