total_reward,mean_reward,loss,mae,mean_q,episode_steps,step
421.38394222881686,0.4421657316147081,7.220779, 6.811534, 9.983696,953,953
