total_reward,mean_reward,loss,mae,mean_q,episode_steps,step
92.98023666383102,0.09756583070706298,1.438964, 3.622233, 5.610492,953,953
217.05560081358354,0.22872033805435568,0.087408, 4.652678, 6.388501,949,1902
