thuoctinh,fuzzy and deep q,deep q learning,MAB,fuzzy
max,0.993414345583306,0.96727809340092,0.9422719134549836,0.9914064932188597
min,0.8420893642818833,0.0476036560383406,0.6353136563867062,0.7251112607154238
average,0.9629116410669859,0.6991613424889783,0.8185793510939434,0.8960129824214625
good,0.8288979186936035,0.5706518628741487,0.6064594898796238,0.7401133176901505
bad,0.007468665941738683,0.2322821877563479,0.04714893454663385,0.014727484309124555
