total_reward,mean_reward,loss,mae,mean_q,episode_steps,step
106.86265255563856,0.112132898799201,0.068667, 0.695252, 1.131203,953,953
